"CODIGO ARTICULO","DESCRIPCION SUFIJOS","UNIDAD DECLARADA","CANTIDAD DECLARADA SUBITEM","PRECIO UNITARIO DOLARS SUBITEM","PRECIO UNITARIO SUBITEM","FOB DOLARS SUBITEM","FOB DIVISA SUBITEM",MONEDA,"PAIS DESTINO",MEDIO,ADUANA,FECHA,"NUMERO DESPACHO",ITEM,SUBITEM,"POSICION ARANCELARIA","DESCRIPCION POSICION","CODIGO TIPO DESPACHO","TIPO DE DESPACHO","CANTIDAD DECLARADA","PRECIO UNITARIO","FOB ITEM","KILOGRAMOS NETO","TASA DE CAMBIO","BASE IMPONIBLE","ESTADO DE LA DECLARACION","ESTADO DE LA MERCADERIA","MOMENTO IMPONIBLE","CONDICION DE VENTA",RAMO,"TIPO ITEM"
,(NA00),Unidad,36.00,1.82,1.82,65.52,65.52,"Dolar Estadounidense",Chile,Camión,"Buenos aires",2022-02-08,22001EC01009181D,0001,0000,1006.10.92.100T,"En envases inmediatos de contenido neto      inferior o igual a 2 Kg (Res Nº 835/2005      SAGPyA)",EC01,"Exportacion a consumo",36.00,1.82,65.52,18.00,1.00,0.00,Presentada,"Nuevo sin uso",2022-02-08,"Franco transportista","NO DETERMINADO",Normal
,"(SA01) Tipo largo fino.",Tonelada,39.40,"1,168.71","1,168.71","46,047.14","46,047.14","Dolar Estadounidense","Estados Unidos",Camión,Concordia,2022-02-16,22016EC01000384F,0001,0000,1006.20.10.900G,"Los demás",EC01,"Exportacion a consumo",39.40,"1,168.71","46,047.14","39,400.00",1.00,0.00,"Autorizacion retiro","Nuevo sin uso",2022-02-16,"Coste, seguro y flete","NO DETERMINADO",Normal
,"(SA01) Tipo largo fino.",Tonelada,"5,059.66",410.00,410.00,"2,074,460.62","2,074,460.62","Dolar Estadounidense","Paises Bajos",Acuatica,Gualeguaychú,2022-02-21,22026EC01000526E,0001,0000,1006.20.10.900G,"Los demás",EC01,"Exportacion a consumo","5,059.66",410.00,"2,074,460.62","5,059,655.00",1.00,0.00,Presentada,"Nuevo sin uso",2022-02-21,"Franco a bordo","NO DETERMINADO",Normal
,"(SA01) Tipo largo fino.",Tonelada,"2,000.00",410.00,410.00,"820,000.00","820,000.00","Dolar Estadounidense",España,Acuatica,Gualeguaychú,2022-02-21,22026EC01000528G,0001,0000,1006.20.10.900G,"Los demás",EC01,"Exportacion a consumo","2,000.00",410.00,"820,000.00","2,000,000.00",1.00,0.00,Presentada,"Nuevo sin uso",2022-02-21,"Franco a bordo","NO DETERMINADO",Normal
,(SA00),Tonelada,22.00,935.00,935.00,"20,570.00","20,570.00","Dolar Estadounidense",Canada,Acuatica,Campana,2022-02-25,22008EC01002551E,0001,0000,1006.20.20.200D,"En envases de contenido neto superior a 2 kg      e inferior o igual a 60 kg (R.102/01 ME)",EC01,"Exportacion a consumo",22.00,935.00,"20,570.00","22,000.00",1.00,0.00,"Autorizacion retiro","Nuevo sin uso",2022-02-25,"Franco a bordo","NO DETERMINADO",Normal
,"(SA01) Tipo largo fino.",Tonelada,43.50,350.00,350.00,"15,225.00","15,225.00","Dolar Estadounidense",Chile,Camión,"Conc. del uruguay",2022-02-09,22015EC01000239D,0002,0000,1006.20.20.200D,"En envases de contenido neto superior a 2 kg      e inferior o igual a 60 kg (R.102/01 ME)",EC01,"Exportacion a consumo",43.50,350.00,"15,225.00","43,500.00",1.00,0.00,"Autorizacion retiro","Nuevo sin uso",2022-02-09,"Franco transportista","NO DETERMINADO",Normal
,"(SA01) Tipo largo fino.",Tonelada,8.75,960.45,960.45,"8,403.98","8,403.98","Dolar Estadounidense",Canada,Camión,Concordia,2022-02-11,22016EC01000339F,0002,0000,1006.20.20.200D,"En envases de contenido neto superior a 2 kg      e inferior o igual a 60 kg (R.102/01 ME)",EC01,"Exportacion a consumo",8.75,960.45,"8,403.98","8,750.00",1.00,0.00,"Autorizacion retiro","Nuevo sin uso",2022-02-11,"Coste y flete","NO DETERMINADO",Normal
,"(SA01) Tipo largo fino.",Tonelada,10.00,804.12,804.12,"8,041.21","8,041.21","Dolar Estadounidense",Israel,Camión,Concordia,2022-02-23,22016EC01000445D,0001,0000,1006.20.20.200D,"En envases de contenido neto superior a 2 kg      e inferior o igual a 60 kg (R.102/01 ME)",EC01,"Exportacion a consumo",10.00,804.12,"8,041.21","10,000.00",1.00,0.00,"Autorizacion retiro","Nuevo sin uso",2022-02-23,"Coste, seguro y flete","NO DETERMINADO",Normal
,"(SA01) Tipo largo fino.",Tonelada,7.00,884.06,884.06,"6,188.43","6,188.43","Dolar Estadounidense",Israel,Camión,Concordia,2022-02-23,22016EC01000445D,0002,0000,1006.20.20.200D,"En envases de contenido neto superior a 2 kg      e inferior o igual a 60 kg (R.102/01 ME)",EC01,"Exportacion a consumo",7.00,884.06,"6,188.43","7,000.00",1.00,0.00,"Autorizacion retiro","Nuevo sin uso",2022-02-23,"Coste, seguro y flete","NO DETERMINADO",Normal
,"(SA04) Tipo mediano.",Tonelada,21.00,959.76,959.76,"20,155.00","20,155.00","Dolar Estadounidense",Israel,Camión,Concordia,2022-02-23,22016EC01000446E,0001,0000,1006.20.20.200D,"En envases de contenido neto superior a 2 kg      e inferior o igual a 60 kg (R.102/01 ME)",EC01,"Exportacion a consumo",21.00,959.76,"20,155.00","21,000.00",1.00,0.00,"Autorizacion retiro","Nuevo sin uso",2022-02-23,"Coste y flete","NO DETERMINADO",Normal
,(SA00),Tonelada,18.30,"1,000.00","1,000.00","18,300.00","18,300.00","Dolar Estadounidense","Estados Unidos",Acuatica,Campana,2022-02-04,22008EC01001558K,0001,0000,1006.20.20.900R,"Los demás",EC01,"Exportacion a consumo",18.30,"1,000.00","18,300.00","18,300.00",1.00,0.00,"Autorizacion retiro","Nuevo sin uso",2022-02-04,"Franco a bordo","NO DETERMINADO",Normal
,(SA00),Tonelada,19.70,"1,000.00","1,000.00","19,700.00","19,700.00","Dolar Estadounidense","Estados Unidos",Acuatica,Campana,2022-02-04,22008EC01001559L,0001,0000,1006.20.20.900R,"Los demás",EC01,"Exportacion a consumo",19.70,"1,000.00","19,700.00","19,700.00",1.00,0.00,"Autorizacion retiro","Nuevo sin uso",2022-02-04,"Franco a bordo","NO DETERMINADO",Normal
,(SA00),Tonelada,24.00,774.00,774.00,"18,576.00","18,576.00","Dolar Estadounidense",Canada,Acuatica,Campana,2022-02-04,22008EC01001560D,0001,0000,1006.20.20.900R,"Los demás",EC01,"Exportacion a consumo",24.00,774.00,"18,576.00","24,000.00",1.00,0.00,"Autorizacion retiro","Nuevo sin uso",2022-02-04,"Franco a bordo","NO DETERMINADO",Normal
,(SA00),Tonelada,57.00,745.00,745.00,"42,465.00","42,465.00","Dolar Estadounidense","Estados Unidos",Acuatica,Campana,2022-02-11,22008EC01001887P,0001,0000,1006.20.20.900R,"Los demás",EC01,"Exportacion a consumo",57.00,745.00,"42,465.00","57,000.00",1.00,0.00,"Autorizacion retiro","Nuevo sin uso",2022-02-11,"Franco a bordo","NO DETERMINADO",Normal
,(SA00),Tonelada,76.00,708.00,708.00,"53,808.00","53,808.00","Dolar Estadounidense","Estados Unidos",Acuatica,Campana,2022-02-11,22008EC01001889R,0001,0000,1006.20.20.900R,"Los demás",EC01,"Exportacion a consumo",76.00,708.00,"53,808.00","76,000.00",1.00,0.00,"Autorizacion retiro","Nuevo sin uso",2022-02-11,"Franco a bordo","NO DETERMINADO",Normal
,(SA00),Tonelada,76.00,708.00,708.00,"53,808.00","53,808.00","Dolar Estadounidense","Estados Unidos",Acuatica,Campana,2022-02-18,22008EC01002253D,0001,0000,1006.20.20.900R,"Los demás",EC01,"Exportacion a consumo",76.00,708.00,"53,808.00","76,000.00",1.00,0.00,"Autorizacion retiro","Nuevo sin uso",2022-02-18,"Franco a bordo","NO DETERMINADO",Normal
,(SA00),Tonelada,76.00,745.00,745.00,"56,620.00","56,620.00","Dolar Estadounidense","Estados Unidos",Acuatica,Campana,2022-02-21,22008EC01002294X,0001,0000,1006.20.20.900R,"Los demás",EC01,"Exportacion a consumo",76.00,745.00,"56,620.00","76,000.00",1.00,0.00,"Autorizacion retiro","Nuevo sin uso",2022-02-21,"Franco a bordo","NO DETERMINADO",Normal
,(SA00),Tonelada,38.00,708.00,708.00,"26,904.00","26,904.00","Dolar Estadounidense","Estados Unidos",Acuatica,Campana,2022-02-25,22008EC01002545H,0001,0000,1006.20.20.900R,"Los demás",EC01,"Exportacion a consumo",38.00,708.00,"26,904.00","38,000.00",1.00,0.00,"Autorizacion retiro","Nuevo sin uso",2022-02-25,"Franco a bordo","NO DETERMINADO",Normal
,"(SA01) Tipo largo fino.",Tonelada,43.50,350.00,350.00,"15,225.00","15,225.00","Dolar Estadounidense",Chile,Camión,"Conc. del uruguay",2022-02-09,22015EC01000239D,0001,0000,1006.20.20.900R,"Los demás",EC01,"Exportacion a consumo",43.50,350.00,"15,225.00","43,500.00",1.00,0.00,"Autorizacion retiro","Nuevo sin uso",2022-02-09,"Franco transportista","NO DETERMINADO",Normal
,"(SA01) Tipo largo fino.",Tonelada,286.00,315.00,315.00,"90,090.00","90,090.00","Dolar Estadounidense","Paises Bajos",Camión,"Conc. del uruguay",2022-02-10,22015EC01000254A,0001,0000,1006.20.20.900R,"Los demás",EC01,"Exportacion a consumo",286.00,315.00,"90,090.00","286,000.00",1.00,0.00,"Autorizacion retiro","Nuevo sin uso",2022-02-10,"Franco a bordo","NO DETERMINADO",Normal
,"(SA01) Tipo largo fino.",Tonelada,156.00,315.00,315.00,"49,140.00","49,140.00","Dolar Estadounidense","Paises Bajos",Camión,"Conc. del uruguay",2022-02-18,22015EC01000318B,0001,0000,1006.20.20.900R,"Los demás",EC01,"Exportacion a consumo",156.00,315.00,"49,140.00","156,000.00",1.00,0.00,"Autorizacion retiro","Nuevo sin uso",2022-02-18,"Franco a bordo","NO DETERMINADO",Normal
,"(SA01) Tipo largo fino.",Tonelada,140.40,319.00,319.00,"44,787.60","44,787.60","Dolar Estadounidense",Chile,Camión,"Conc. del uruguay",2022-02-22,22015EC01000337C,0001,0000,1006.20.20.900R,"Los demás",EC01,"Exportacion a consumo",140.40,319.00,"44,787.60","140,400.00",1.00,0.00,Oficializada,"Nuevo sin uso",2022-02-22,"Franco transportista","NO DETERMINADO",Normal
,"(SA01) Tipo largo fino.",Tonelada,260.00,315.00,315.00,"81,900.00","81,900.00","Dolar Estadounidense",Portugal,Camión,"Conc. del uruguay",2022-02-24,22015EC01000350U,0001,0000,1006.20.20.900R,"Los demás",EC01,"Exportacion a consumo",260.00,315.00,"81,900.00","260,000.00",1.00,0.00,"Autorizacion retiro","Nuevo sin uso",2022-02-24,"Franco a bordo","NO DETERMINADO",Normal
,"(SA01) Tipo largo fino.",Tonelada,125.00,795.00,795.00,"99,375.00","99,375.00","Dolar Estadounidense","Reino Unido",Camión,Concordia,2022-02-07,22016EC01000061U,0001,0000,1006.20.20.900R,"Los demás",EC01,"Exportacion a consumo",125.00,795.00,"99,375.00","125,000.00",1.00,0.00,Presentada,"Nuevo sin uso",2022-02-07,"Franco a bordo","NO DETERMINADO",Normal
,"(SA01) Tipo largo fino.",Tonelada,125.22,795.00,795.00,"99,549.90","99,549.90","Dolar Estadounidense","Reino Unido",Camión,Concordia,2022-02-07,22016EC01000084C,0001,0000,1006.20.20.900R,"Los demás",EC01,"Exportacion a consumo",125.22,795.00,"99,549.90","125,220.00",1.00,0.00,Presentada,"Nuevo sin uso",2022-02-07,"Franco a bordo","NO DETERMINADO",Normal
,"(SA01) Tipo largo fino.",Tonelada,75.00,715.33,635.40,"53,650.00","47,655.00",Euro,"Paises Bajos",Camión,Concordia,2022-02-02,22016EC01000247D,0001,0000,1006.20.20.900R,"Los demás",EC01,"Exportacion a consumo",75.00,715.33,"53,650.00","75,000.00",1.13,0.00,"Autorizacion retiro","Nuevo sin uso",2022-02-02,"Coste y flete","NO DETERMINADO",Normal
,"(SA01) Tipo largo fino.",Tonelada,124.52,795.00,795.00,"98,993.40","98,993.40","Dolar Estadounidense","Reino Unido",Camión,Concordia,2022-02-21,22016EC01000248E,0001,0000,1006.20.20.900R,"Los demás",EC01,"Exportacion a consumo",124.52,795.00,"98,993.40","124,520.00",1.00,0.00,Presentada,"Nuevo sin uso",2022-02-21,"Franco a bordo","NO DETERMINADO",Normal
,"(SA04) Tipo mediano.",Tonelada,50.00,965.00,965.00,"48,250.00","48,250.00","Dolar Estadounidense","Estados Unidos",Camión,Concordia,2022-02-03,22016EC01000260V,0001,0000,1006.20.20.900R,"Los demás",EC01,"Exportacion a consumo",50.00,965.00,"48,250.00","50,000.00",1.00,0.00,"Autorizacion retiro","Nuevo sin uso",2022-02-03,"Franco a bordo","NO DETERMINADO",Normal
,"(SA05) Tipo corto.",Tonelada,125.00,648.00,648.00,"81,000.00","81,000.00","Dolar Estadounidense",Italia,Camión,Concordia,2022-02-04,22016EC01000275E,0001,0000,1006.20.20.900R,"Los demás",EC01,"Exportacion a consumo",125.00,648.00,"81,000.00","125,000.00",1.00,0.00,"Autorizacion retiro","Nuevo sin uso",2022-02-04,"Coste y flete","NO DETERMINADO",Normal
,"(SA01) Tipo largo fino.",Tonelada,1.00,868.33,868.33,868.33,868.33,"Dolar Estadounidense",Belgica,Camión,Concordia,2022-02-08,22016EC01000293E,0002,0000,1006.20.20.900R,"Los demás",EC01,"Exportacion a consumo",1.00,868.33,868.33,"1,000.00",1.00,0.00,"Autorizacion retiro","Nuevo sin uso",2022-02-08,"Coste y flete","NO DETERMINADO",Normal
,"(SA01) Tipo largo fino.",Tonelada,72.60,822.75,822.75,"59,731.65","59,731.65","Dolar Estadounidense",Canada,Camión,Concordia,2022-02-08,22016EC01000299K,0001,0000,1006.20.20.900R,"Los demás",EC01,"Exportacion a consumo",72.60,822.75,"59,731.65","72,600.00",1.00,0.00,"Autorizacion retiro","Nuevo sin uso",2022-02-08,"Coste y flete","NO DETERMINADO",Normal
,"(SA01) Tipo largo fino.",Tonelada,24.20,940.00,940.00,"22,748.00","22,748.00","Dolar Estadounidense",España,Camión,Concordia,2022-02-10,22016EC01000320S,0001,0000,1006.20.20.900R,"Los demás",EC01,"Exportacion a consumo",24.20,940.00,"22,748.00","24,200.00",1.00,0.00,"Autorizacion retiro","Nuevo sin uso",2022-02-10,"Franco a bordo","NO DETERMINADO",Normal
,"(SA05) Tipo corto.",Tonelada,125.00,704.00,704.00,"88,000.00","88,000.00","Dolar Estadounidense",Italia,Camión,Concordia,2022-02-10,22016EC01000321T,0001,0000,1006.20.20.900R,"Los demás",EC01,"Exportacion a consumo",125.00,704.00,"88,000.00","125,000.00",1.00,0.00,"Autorizacion retiro","Nuevo sin uso",2022-02-10,"Coste y flete","NO DETERMINADO",Normal
,"(SA05) Tipo corto.",Tonelada,125.00,832.88,725.12,"104,109.52","90,640.35",Euro,Italia,Camión,Concordia,2022-02-11,22016EC01000338E,0001,0000,1006.20.20.900R,"Los demás",EC01,"Exportacion a consumo",125.00,832.88,"104,109.52","125,000.00",1.15,0.00,"Autorizacion retiro","Nuevo sin uso",2022-02-11,"Coste y flete","NO DETERMINADO",Normal
,"(SA04) Tipo mediano.",Tonelada,25.00,965.00,965.00,"24,125.00","24,125.00","Dolar Estadounidense","Estados Unidos",Camión,Concordia,2022-02-11,22016EC01000340U,0001,0000,1006.20.20.900R,"Los demás",EC01,"Exportacion a consumo",25.00,965.00,"24,125.00","25,000.00",1.00,0.00,"Autorizacion retiro","Nuevo sin uso",2022-02-11,"Franco a bordo","NO DETERMINADO",Normal
,"(SA05) Tipo corto.",Tonelada,125.00,827.22,725.12,"103,402.49","90,640.35",Euro,Italia,Camión,Concordia,2022-02-14,22016EC01000352A,0001,0000,1006.20.20.900R,"Los demás",EC01,"Exportacion a consumo",125.00,827.22,"103,402.49","125,000.00",1.14,0.00,"Autorizacion retiro","Nuevo sin uso",2022-02-14,"Coste y flete","NO DETERMINADO",Normal
,"(SA05) Tipo corto.",Tonelada,125.00,821.20,725.12,"102,650.20","90,640.35",Euro,Italia,Camión,Concordia,2022-02-15,22016EC01000364D,0001,0000,1006.20.20.900R,"Los demás",EC01,"Exportacion a consumo",125.00,821.20,"102,650.20","125,000.00",1.13,0.00,"Autorizacion retiro","Nuevo sin uso",2022-02-15,"Coste y flete","NO DETERMINADO",Normal
,"(SA01) Tipo largo fino.",Tonelada,176.40,795.00,795.00,"140,238.00","140,238.00","Dolar Estadounidense","Reino Unido",Camión,Concordia,2022-02-15,22016EC01000365E,0001,0000,1006.20.20.900R,"Los demás",EC01,"Exportacion a consumo",176.40,795.00,"140,238.00","176,400.00",1.00,0.00,"Autorizacion retiro","Nuevo sin uso",2022-02-15,"Franco a bordo","NO DETERMINADO",Normal
,"(SA01) Tipo largo fino.",Tonelada,57.00,885.00,885.00,"50,445.00","50,445.00","Dolar Estadounidense","Estados Unidos",Camión,Concordia,2022-02-25,22016EC01000461B,0001,0000,1006.20.20.900R,"Los demás",EC01,"Exportacion a consumo",57.00,885.00,"50,445.00","57,000.00",1.00,0.00,"Autorizacion retiro","Nuevo sin uso",2022-02-25,"Franco a bordo","NO DETERMINADO",Normal
,"(SA01) Tipo largo fino.",Tonelada,75.00,900.00,900.00,"67,500.00","67,500.00","Dolar Estadounidense",Canada,Camión,Concordia,2022-02-25,22016EC01000467H,0001,0000,1006.20.20.900R,"Los demás",EC01,"Exportacion a consumo",75.00,900.00,"67,500.00","75,000.00",1.00,0.00,"Autorizacion retiro","Nuevo sin uso",2022-02-25,"Coste y flete","NO DETERMINADO",Normal
,"(SA01) Tipo largo fino.",Tonelada,57.00,885.00,885.00,"50,445.00","50,445.00","Dolar Estadounidense","Estados Unidos",Camión,Concordia,2022-02-25,22016EC01000468X,0001,0000,1006.20.20.900R,"Los demás",EC01,"Exportacion a consumo",57.00,885.00,"50,445.00","57,000.00",1.00,0.00,"Autorizacion retiro","Nuevo sin uso",2022-02-25,"Franco a bordo","NO DETERMINADO",Normal
,"(SA01) Tipo largo fino.",Tonelada,"1,023.00",435.00,435.00,"445,005.00","445,005.00","Dolar Estadounidense",España,Acuatica,Gualeguaychú,2022-02-02,22026EC01000398L,0001,0000,1006.20.20.900R,"Los demás",EC01,"Exportacion a consumo","1,023.00",435.00,"445,005.00","1,023,000.00",1.00,0.00,Anulada,"Nuevo sin uso",2022-02-02,"Franco a bordo","NO DETERMINADO",Normal
,"(SA01) Tipo largo fino.",Tonelada,"10,000.00",375.00,375.00,"3,750,000.00","3,750,000.00","Dolar Estadounidense",España,Acuatica,Gualeguaychú,2022-02-11,22026EC01000524C,0001,0000,1006.20.20.900R,"Los demás",EC01,"Exportacion a consumo","10,000.00",375.00,"3,750,000.00","10,000,000.00",1.00,0.00,Anulada,"Nuevo sin uso",2022-02-11,"Franco a bordo","NO DETERMINADO",Normal
,"(SA01) Tipo largo fino.",Tonelada,"1,015.47",435.00,435.00,"441,729.44","441,729.44","Dolar Estadounidense",España,Acuatica,Gualeguaychú,2022-02-21,22026EC01000559K,0001,0000,1006.20.20.900R,"Los demás",EC01,"Exportacion a consumo","1,015.47",435.00,"441,729.44","1,015,465.00",1.00,0.00,Presentada,"Nuevo sin uso",2022-02-21,"Franco a bordo","NO DETERMINADO",Normal
,"(SA01) Tipo largo fino.",Tonelada,"10,020.12",375.00,375.00,"3,757,545.00","3,757,545.00","Dolar Estadounidense",España,Acuatica,Gualeguaychú,2022-02-21,22026EC01000560C,0001,0000,1006.20.20.900R,"Los demás",EC01,"Exportacion a consumo","10,020.12",375.00,"3,757,545.00","10,020,125.00",1.00,0.00,Presentada,"Nuevo sin uso",2022-02-21,"Franco a bordo","NO DETERMINADO",Normal
,"(SA01) Tipo largo fino.",Tonelada,500.00,310.00,310.00,"155,000.00","155,000.00","Dolar Estadounidense",Brasil,Camión,"Paso de los libres",2022-02-01,22042EC01000491D,0001,0000,1006.20.20.900R,"Los demás",EC01,"Exportacion a consumo",500.00,310.00,"155,000.00","500,000.00",1.00,0.00,"Autorizacion retiro","Nuevo sin uso",2022-02-01,"Franco transportista","NO DETERMINADO",Normal
,"(SA01) Tipo largo fino.",Tonelada,130.00,290.00,290.00,"37,700.00","37,700.00","Dolar Estadounidense",Brasil,Camión,"Paso de los libres",2022-02-03,22042EC01000547F,0001,0000,1006.20.20.900R,"Los demás",EC01,"Exportacion a consumo",130.00,290.00,"37,700.00","130,000.00",1.00,0.00,Oficializada,"Nuevo sin uso",2022-02-03,"Franco transportista","NO DETERMINADO",Normal
,"(SA01) Tipo largo fino.",Tonelada,260.00,260.00,260.00,"67,600.00","67,600.00","Dolar Estadounidense",Brasil,Camión,"Paso de los libres",2022-02-07,22042EC01000581D,0001,0000,1006.20.20.900R,"Los demás",EC01,"Exportacion a consumo",260.00,260.00,"67,600.00","260,000.00",1.00,0.00,"Autorizacion retiro","Nuevo sin uso",2022-02-07,"Franco transportista","NO DETERMINADO",Normal
,"(SA01) Tipo largo fino.",Tonelada,104.00,280.00,280.00,"29,120.00","29,120.00","Dolar Estadounidense",Brasil,Camión,"Paso de los libres",2022-02-10,22042EC01000639H,0001,0000,1006.20.20.900R,"Los demás",EC01,"Exportacion a consumo",104.00,280.00,"29,120.00","104,000.00",1.00,0.00,Anulada,"Nuevo sin uso",2022-02-10,"Franco transportista","NO DETERMINADO",Normal
,"(SA01) Tipo largo fino.",Tonelada,104.00,280.00,280.00,"29,120.00","29,120.00","Dolar Estadounidense",Brasil,Camión,"Paso de los libres",2022-02-11,22042EC01000663E,0001,0000,1006.20.20.900R,"Los demás",EC01,"Exportacion a consumo",104.00,280.00,"29,120.00","104,000.00",1.00,0.00,Oficializada,"Nuevo sin uso",2022-02-11,"Franco transportista","NO DETERMINADO",Normal
,"(SA01) Tipo largo fino.",Tonelada,500.00,310.00,310.00,"155,000.00","155,000.00","Dolar Estadounidense",Brasil,Camión,"Paso de los libres",2022-02-17,22042EC01000749J,0001,0000,1006.20.20.900R,"Los demás",EC01,"Exportacion a consumo",500.00,310.00,"155,000.00","500,000.00",1.00,0.00,"Autorizacion retiro","Nuevo sin uso",2022-02-17,"Franco transportista","NO DETERMINADO",Normal
,"(SA01) Tipo largo fino.",Tonelada,500.00,280.00,280.00,"140,000.00","140,000.00","Dolar Estadounidense",Brasil,Camión,"Paso de los libres",2022-02-17,22042EC01000750B,0001,0000,1006.20.20.900R,"Los demás",EC01,"Exportacion a consumo",500.00,280.00,"140,000.00","500,000.00",1.00,0.00,"Autorizacion retiro","Nuevo sin uso",2022-02-17,"Franco transportista","NO DETERMINADO",Normal
,"(SA01) Tipo largo fino.",Tonelada,260.00,465.00,465.00,"120,900.00","120,900.00","Dolar Estadounidense",España,Camión,"San pedro",2022-02-21,22060EC01000764G,0001,0000,1006.20.20.900R,"Los demás",EC01,"Exportacion a consumo",260.00,465.00,"120,900.00","260,000.00",1.00,0.00,"Autorizacion retiro","Nuevo sin uso",2022-02-21,"Coste y flete","NO DETERMINADO",Normal
,(SA00),Unidad,"30,800.00",4.57,4.57,"140,756.00","140,756.00","Dolar Estadounidense",Chile,Camión,Mendoza,2022-02-01,22038EC01002297Y,0001,0000,1006.30.11.110N,"En envases inmediatos de contenido neto       inferior o igual a 2 kg (R.420/99 MEYOSP)          (Res. 835/05 SAGPyA)",EC01,"Exportacion a consumo","30,800.00",4.57,"140,756.00","308,000.00",1.00,0.00,"Autorizacion retiro","Nuevo sin uso",2022-02-01,"Transporte pagado hasta...","NO DETERMINADO",Normal
,(SA00),Unidad,"9,240.00",4.02,4.02,"37,172.52","37,172.52","Dolar Estadounidense",Chile,Camión,Mendoza,2022-02-01,22038EC01002301A,0001,0000,1006.30.11.110N,"En envases inmediatos de contenido neto       inferior o igual a 2 kg (R.420/99 MEYOSP)          (Res. 835/05 SAGPyA)",EC01,"Exportacion a consumo","9,240.00",4.02,"37,172.52","83,160.00",1.00,0.00,"Autorizacion retiro","Nuevo sin uso",2022-02-01,"Transporte pagado hasta...","NO DETERMINADO",Normal
,"(SA01) Tipo largo fino.",Unidad,37.46,399.95,399.95,"14,982.00","14,982.00","Dolar Estadounidense","Estados Unidos",Camión,Concordia,2022-02-03,22016EC01000263B,0001,0000,1006.30.11.120R,"En envases de contenido neto superior a 2       kg e inferior o igual a 60 kg (R.102/01 ME)",EC01,"Exportacion a consumo",37.46,399.95,"14,982.00","37,460.00",1.00,0.00,"Autorizacion retiro","Nuevo sin uso",2022-02-03,"Coste y flete","NO DETERMINADO",Normal
,"(SA01) Tipo largo fino.",Tonelada,7.38,453.33,453.33,"3,345.58","3,345.58","Dolar Estadounidense","Estados Unidos",Camión,Concordia,2022-02-03,22016EC01000263B,0002,0000,1006.30.11.120R,"En envases de contenido neto superior a 2       kg e inferior o igual a 60 kg (R.102/01 ME)",EC01,"Exportacion a consumo",7.38,453.33,"3,345.58","7,380.00",1.00,0.00,"Autorizacion retiro","Nuevo sin uso",2022-02-03,"Coste y flete","NO DETERMINADO",Normal
,"(SA01) Tipo largo fino.",Tonelada,144.00,465.00,465.00,"66,960.00","66,960.00","Dolar Estadounidense",Chile,Camión,Mendoza,2022-02-16,22038EC01003940K,0001,0000,1006.30.11.190P,"Los demás",EC01,"Exportacion a consumo",144.00,465.00,"66,960.00","144,000.00",1.00,0.00,"Autorizacion retiro","Nuevo sin uso",2022-02-16,"Franco transportista","NO DETERMINADO",Normal
,"(SA01) Tipo largo fino.",Unidad,"13,200.00",0.45,0.45,"5,940.00","5,940.00","Dolar Estadounidense",Chile,Camión,Mendoza,2022-02-02,22038EC01002444X,0001,0000,1006.30.11.210U,"En envases inmediatos de contenido neto       inferior o igual a 2 kg (R.420/99 MEYOSP)          (Res. 835/05 SAGPyA)",EC01,"Exportacion a consumo","13,200.00",0.45,"5,940.00","13,200.00",1.00,0.00,"Autorizacion retiro","Nuevo sin uso",2022-02-02,"Franco transportista","NO DETERMINADO",Normal
,"(SA01) Tipo largo fino.",Tonelada,136.50,500.00,500.00,"68,250.00","68,250.00","Dolar Estadounidense",Chile,Camión,"Conc. del uruguay",2022-02-03,22015EC01000168E,0001,0000,1006.30.21.110Y,"En envases inmediatos de contenido neto       inferior o igual a 2 kg (R.420/99 MEYOSP)          (Res. 835/05 SAGPyA)",EC01,"Exportacion a consumo",136.50,500.00,"68,250.00","136,500.00",1.00,0.00,Cancelada,"Nuevo sin uso",2022-02-03,"Franco transportista","NO DETERMINADO",Normal
,"(SA01) Tipo largo fino.",Tonelada,110.00,500.00,500.00,"55,000.00","55,000.00","Dolar Estadounidense",Chile,Camión,"Conc. del uruguay",2022-02-02,22015EC01000205T,0001,0000,1006.30.21.110Y,"En envases inmediatos de contenido neto       inferior o igual a 2 kg (R.420/99 MEYOSP)          (Res. 835/05 SAGPyA)",EC01,"Exportacion a consumo",110.00,500.00,"55,000.00","110,000.00",1.00,0.00,Cancelada,"Nuevo sin uso",2022-02-02,"Franco transportista","NO DETERMINADO",Normal
,"(SA01) Tipo largo fino.",Tonelada,4.80,390.00,390.00,"1,872.00","1,872.00","Dolar Estadounidense","Estados Unidos",Camión,Concordia,2022-02-03,22016EC01000263B,0003,0000,1006.30.21.110Y,"En envases inmediatos de contenido neto       inferior o igual a 2 kg (R.420/99 MEYOSP)          (Res. 835/05 SAGPyA)",EC01,"Exportacion a consumo",4.80,390.00,"1,872.00","4,800.00",1.00,0.00,"Autorizacion retiro","Nuevo sin uso",2022-02-03,"Coste y flete","NO DETERMINADO",Normal
,"(SA01) Tipo largo fino.",Unidad,"3,800.00",4.30,4.30,"16,340.00","16,340.00","Dolar Estadounidense",Chile,Camión,Mendoza,2022-02-11,22038EC01003435J,0001,0000,1006.30.21.110Y,"En envases inmediatos de contenido neto       inferior o igual a 2 kg (R.420/99 MEYOSP)          (Res. 835/05 SAGPyA)",EC01,"Exportacion a consumo","3,800.00",4.30,"16,340.00","19,000.00",1.00,0.00,"Autorizacion retiro","Nuevo sin uso",2022-02-11,"Franco transportista","NO DETERMINADO",Normal
,"(SA01) Tipo largo fino.",Tonelada,120.25,434.00,434.00,"52,188.50","52,188.50","Dolar Estadounidense","Turquia (Europa)",Acuatica,"Buenos aires",2022-02-02,22001EC01001611Z,0001,0000,1006.30.21.120B,"En envases de contenido neto superior a 2       kg e inferior o igual a 60 kg (R.102/01 ME)",EC01,"Exportacion a consumo",120.25,434.00,"52,188.50","120,250.00",1.00,0.00,Presentada,"Nuevo sin uso",2022-02-02,"Franco a bordo","NO DETERMINADO",Normal
,"(SA02) Tipo largo ancho.",Tonelada,247.25,560.00,560.00,"138,460.00","138,460.00","Dolar Estadounidense","Turquia (Europa)",Acuatica,"Buenos aires",2022-02-11,22001EC01003475D,0001,0000,1006.30.21.120B,"En envases de contenido neto superior a 2       kg e inferior o igual a 60 kg (R.102/01 ME)",EC01,"Exportacion a consumo",247.25,560.00,"138,460.00","247,250.00",1.00,0.00,Presentada,"Nuevo sin uso",2022-02-11,"Franco a bordo","NO DETERMINADO",Normal
,"(SA04) Tipo mediano.",Tonelada,48.40,560.00,560.00,"27,104.00","27,104.00","Dolar Estadounidense",Mexico,Acuatica,"Buenos aires",2022-02-21,22001EC01007360A,0001,0000,1006.30.21.120B,"En envases de contenido neto superior a 2       kg e inferior o igual a 60 kg (R.102/01 ME)",EC01,"Exportacion a consumo",48.40,560.00,"27,104.00","48,400.00",1.00,0.00,Presentada,"Nuevo sin uso",2022-02-21,"Franco a bordo","NO DETERMINADO",Normal
,"(SA04) Tipo mediano.",Tonelada,48.30,560.00,560.00,"27,048.00","27,048.00","Dolar Estadounidense",Mexico,Acuatica,"Buenos aires",2022-02-24,22001EC01007365F,0001,0000,1006.30.21.120B,"En envases de contenido neto superior a 2       kg e inferior o igual a 60 kg (R.102/01 ME)",EC01,"Exportacion a consumo",48.30,560.00,"27,048.00","48,300.00",1.00,0.00,Presentada,"Nuevo sin uso",2022-02-24,"Franco a bordo","NO DETERMINADO",Normal
,"(SA01) Tipo largo fino.",Tonelada,122.50,454.00,454.00,"55,615.00","55,615.00","Dolar Estadounidense","Turquia (Europa)",Acuatica,"Buenos aires",2022-02-07,22001EC01008881J,0001,0000,1006.30.21.120B,"En envases de contenido neto superior a 2       kg e inferior o igual a 60 kg (R.102/01 ME)",EC01,"Exportacion a consumo",122.50,454.00,"55,615.00","122,500.00",1.00,0.00,"Autorizacion retiro","Nuevo sin uso",2022-02-07,"Franco a bordo","NO DETERMINADO",Normal
,"(SA04) Tipo mediano.",Tonelada,48.00,560.00,560.00,"26,880.00","26,880.00","Dolar Estadounidense",Mexico,Acuatica,"Buenos aires",2022-02-08,22001EC01009077H,0001,0000,1006.30.21.120B,"En envases de contenido neto superior a 2       kg e inferior o igual a 60 kg (R.102/01 ME)",EC01,"Exportacion a consumo",48.00,560.00,"26,880.00","48,000.00",1.00,0.00,"Autorizacion retiro","Nuevo sin uso",2022-02-08,"Franco a bordo","NO DETERMINADO",Normal
,"(SA01) Tipo largo fino.",Tonelada,54.92,416.97,416.97,"22,899.91","22,899.91","Dolar Estadounidense","Estados Unidos",Acuatica,"Buenos aires",2022-02-11,22001EC01010425T,0001,0000,1006.30.21.120B,"En envases de contenido neto superior a 2       kg e inferior o igual a 60 kg (R.102/01 ME)",EC01,"Exportacion a consumo",54.92,416.97,"22,899.91","54,915.84",1.00,0.00,"Autorizacion retiro","Nuevo sin uso",2022-02-11,"Franco a bordo","NO DETERMINADO",Normal
,"(SA02) Tipo largo ancho.",Tonelada,250.00,540.00,540.00,"135,000.00","135,000.00","Dolar Estadounidense","Turquia (Europa)",Acuatica,"Buenos aires",2022-02-21,22001EC01012794H,0001,0000,1006.30.21.120B,"En envases de contenido neto superior a 2       kg e inferior o igual a 60 kg (R.102/01 ME)",EC01,"Exportacion a consumo",250.00,540.00,"135,000.00","250,000.00",1.00,0.00,"Autorizacion retiro","Nuevo sin uso",2022-02-21,"Franco a bordo","NO DETERMINADO",Normal
,"(SA02) Tipo largo ancho.",Tonelada,250.00,540.00,540.00,"135,000.00","135,000.00","Dolar Estadounidense","Turquia (Europa)",Acuatica,"Buenos aires",2022-02-21,22001EC01012804W,0001,0000,1006.30.21.120B,"En envases de contenido neto superior a 2       kg e inferior o igual a 60 kg (R.102/01 ME)",EC01,"Exportacion a consumo",250.00,540.00,"135,000.00","250,000.00",1.00,0.00,"Autorizacion retiro","Nuevo sin uso",2022-02-21,"Franco a bordo","NO DETERMINADO",Normal
,"(SA01) Tipo largo fino.",Tonelada,240.00,490.00,490.00,"117,600.00","117,600.00","Dolar Estadounidense",Mexico,Acuatica,Campana,2022-02-07,22008EC01001614D,0001,0000,1006.30.21.120B,"En envases de contenido neto superior a 2       kg e inferior o igual a 60 kg (R.102/01 ME)",EC01,"Exportacion a consumo",240.00,490.00,"117,600.00","240,000.00",1.00,0.00,"Autorizacion retiro","Nuevo sin uso",2022-02-07,"Franco a bordo","NO DETERMINADO",Normal
,(SA00),Tonelada,10.00,650.00,650.00,"6,500.00","6,500.00","Dolar Estadounidense",Australia,Acuatica,Campana,2022-02-09,22008EC01001786N,0001,0000,1006.30.21.120B,"En envases de contenido neto superior a 2       kg e inferior o igual a 60 kg (R.102/01 ME)",EC01,"Exportacion a consumo",10.00,650.00,"6,500.00","10,000.00",1.00,0.00,"Autorizacion retiro","Nuevo sin uso",2022-02-09,"Franco a bordo","NO DETERMINADO",Normal
,"(SA02) Tipo largo ancho.",Tonelada,125.00,480.00,480.00,"60,000.00","60,000.00","Dolar Estadounidense","Turquia (Europa)",Camión,"Conc. del uruguay",2022-02-17,22015EC01000297H,0001,0000,1006.30.21.120B,"En envases de contenido neto superior a 2       kg e inferior o igual a 60 kg (R.102/01 ME)",EC01,"Exportacion a consumo",125.00,480.00,"60,000.00","125,000.00",1.00,0.00,"Autorizacion retiro","Nuevo sin uso",2022-02-17,"Franco a bordo","NO DETERMINADO",Normal
,"(SA02) Tipo largo ancho.",Tonelada,75.00,450.00,450.00,"33,750.00","33,750.00","Dolar Estadounidense","Turquia (Europa)",Camión,"Conc. del uruguay",2022-02-18,22015EC01000316W,0001,0000,1006.30.21.120B,"En envases de contenido neto superior a 2       kg e inferior o igual a 60 kg (R.102/01 ME)",EC01,"Exportacion a consumo",75.00,450.00,"33,750.00","75,000.00",1.00,0.00,"Autorizacion retiro","Nuevo sin uso",2022-02-18,"Franco a bordo","NO DETERMINADO",Normal
,"(SA02) Tipo largo ancho.",Tonelada,150.00,523.00,523.00,"78,450.00","78,450.00","Dolar Estadounidense","Turquia (Europa)",Camión,"Conc. del uruguay",2022-02-18,22015EC01000317A,0001,0000,1006.30.21.120B,"En envases de contenido neto superior a 2       kg e inferior o igual a 60 kg (R.102/01 ME)",EC01,"Exportacion a consumo",150.00,523.00,"78,450.00","150,000.00",1.00,0.00,"Autorizacion retiro","Nuevo sin uso",2022-02-18,"Franco a bordo","NO DETERMINADO",Normal
,"(SA02) Tipo largo ancho.",Tonelada,150.00,523.00,523.00,"78,450.00","78,450.00","Dolar Estadounidense","Turquia (Europa)",Camión,"Conc. del uruguay",2022-02-18,22015EC01000317A,0002,0000,1006.30.21.120B,"En envases de contenido neto superior a 2       kg e inferior o igual a 60 kg (R.102/01 ME)",EC01,"Exportacion a consumo",150.00,523.00,"78,450.00","150,000.00",1.00,0.00,"Autorizacion retiro","Nuevo sin uso",2022-02-18,"Franco a bordo","NO DETERMINADO",Normal
,"(SA02) Tipo largo ancho.",Tonelada,250.00,480.00,480.00,"120,000.00","120,000.00","Dolar Estadounidense","Turquia (Europa)",Camión,"Conc. del uruguay",2022-02-18,22015EC01000320R,0001,0000,1006.30.21.120B,"En envases de contenido neto superior a 2       kg e inferior o igual a 60 kg (R.102/01 ME)",EC01,"Exportacion a consumo",250.00,480.00,"120,000.00","250,000.00",1.00,0.00,"Autorizacion retiro","Nuevo sin uso",2022-02-18,"Franco a bordo","NO DETERMINADO",Normal
,"(SA01) Tipo largo fino.",Tonelada,5.00,"1,040.45","1,040.45","5,202.27","5,202.27","Dolar Estadounidense",Canada,Camión,Concordia,2022-02-11,22016EC01000339F,0001,0000,1006.30.21.120B,"En envases de contenido neto superior a 2       kg e inferior o igual a 60 kg (R.102/01 ME)",EC01,"Exportacion a consumo",5.00,"1,040.45","5,202.27","5,000.00",1.00,0.00,"Autorizacion retiro","Nuevo sin uso",2022-02-11,"Coste y flete","NO DETERMINADO",Normal
,"(SA04) Tipo mediano.",Tonelada,2.00,"1,100.45","1,100.45","2,200.91","2,200.91","Dolar Estadounidense",Canada,Camión,Concordia,2022-02-11,22016EC01000339F,0003,0000,1006.30.21.120B,"En envases de contenido neto superior a 2       kg e inferior o igual a 60 kg (R.102/01 ME)",EC01,"Exportacion a consumo",2.00,"1,100.45","2,200.91","2,000.00",1.00,0.00,"Autorizacion retiro","Nuevo sin uso",2022-02-11,"Coste y flete","NO DETERMINADO",Normal
,"(SA01) Tipo largo fino.",Tonelada,6.25,"1,130.45","1,130.45","7,065.34","7,065.34","Dolar Estadounidense",Canada,Camión,Concordia,2022-02-11,22016EC01000339F,0004,0000,1006.30.21.120B,"En envases de contenido neto superior a 2       kg e inferior o igual a 60 kg (R.102/01 ME)",EC01,"Exportacion a consumo",6.25,"1,130.45","7,065.34","6,250.00",1.00,0.00,"Autorizacion retiro","Nuevo sin uso",2022-02-11,"Coste y flete","NO DETERMINADO",Normal
,"(SA02) Tipo largo ancho.",Tonelada,50.00,480.00,480.00,"24,000.00","24,000.00","Dolar Estadounidense","Turquia (Europa)",Camión,Concordia,2022-02-21,22016EC01000413V,0001,0000,1006.30.21.120B,"En envases de contenido neto superior a 2       kg e inferior o igual a 60 kg (R.102/01 ME)",EC01,"Exportacion a consumo",50.00,480.00,"24,000.00","50,000.00",1.00,0.00,"Autorizacion retiro","Nuevo sin uso",2022-02-21,"Franco a bordo","NO DETERMINADO",Normal
,"(SA04) Tipo mediano.",Tonelada,117.45,740.00,740.00,"86,913.00","86,913.00","Dolar Estadounidense","Arabia Saudita",Camión,Concordia,2022-02-23,22016EC01000442A,0001,0000,1006.30.21.120B,"En envases de contenido neto superior a 2       kg e inferior o igual a 60 kg (R.102/01 ME)",EC01,"Exportacion a consumo",117.45,740.00,"86,913.00","117,450.00",1.00,0.00,"Autorizacion retiro","Nuevo sin uso",2022-02-23,"Franco a bordo","NO DETERMINADO",Normal
,"(SA01) Tipo largo fino.",Tonelada,5.00,894.05,894.05,"4,470.27","4,470.27","Dolar Estadounidense",Israel,Camión,Concordia,2022-02-23,22016EC01000445D,0003,0000,1006.30.21.120B,"En envases de contenido neto superior a 2       kg e inferior o igual a 60 kg (R.102/01 ME)",EC01,"Exportacion a consumo",5.00,894.05,"4,470.27","5,000.00",1.00,0.00,"Autorizacion retiro","Nuevo sin uso",2022-02-23,"Coste, seguro y flete","NO DETERMINADO",Normal
,"(SA02) Tipo largo ancho.",Tonelada,175.00,500.00,500.00,"87,500.00","87,500.00","Dolar Estadounidense","Turquia (Europa)",Camión,Paraná,2022-02-22,22041EC01000330R,0001,0000,1006.30.21.120B,"En envases de contenido neto superior a 2       kg e inferior o igual a 60 kg (R.102/01 ME)",EC01,"Exportacion a consumo",175.00,500.00,"87,500.00","175,000.00",1.00,0.00,"Autorizacion retiro","Nuevo sin uso",2022-02-22,"Franco a bordo","NO DETERMINADO",Normal
,"(SA01) Tipo largo fino.",Tonelada,57.60,380.00,380.00,"21,888.00","21,888.00","Dolar Estadounidense",Chile,Camión,"Conc. del uruguay",2022-02-01,22015EC01000202Z,0001,0000,1006.30.21.190Z,"Los demás",EC01,"Exportacion a consumo",57.60,380.00,"21,888.00","57,600.00",1.00,0.00,"Autorizacion retiro","Nuevo sin uso",2022-02-01,"Franco transportista","NO DETERMINADO",Normal
,"(SA01) Tipo largo fino.",Tonelada,86.40,390.00,390.00,"33,696.00","33,696.00","Dolar Estadounidense",Chile,Camión,"Conc. del uruguay",2022-02-02,22015EC01000204S,0001,0000,1006.30.21.190Z,"Los demás",EC01,"Exportacion a consumo",86.40,390.00,"33,696.00","86,400.00",1.00,0.00,"Autorizacion retiro","Nuevo sin uso",2022-02-02,"Franco transportista","NO DETERMINADO",Normal
,"(SA01) Tipo largo fino.",Tonelada,86.40,380.00,380.00,"32,832.00","32,832.00","Dolar Estadounidense",Chile,Camión,"Conc. del uruguay",2022-02-16,22015EC01000291B,0001,0000,1006.30.21.190Z,"Los demás",EC01,"Exportacion a consumo",86.40,380.00,"32,832.00","86,400.00",1.00,0.00,"Autorizacion retiro","Nuevo sin uso",2022-02-16,"Franco transportista","NO DETERMINADO",Normal
,"(SA01) Tipo largo fino.",Tonelada,57.60,383.00,383.00,"22,060.80","22,060.80","Dolar Estadounidense",Chile,Camión,"Conc. del uruguay",2022-02-18,22015EC01000306V,0001,0000,1006.30.21.190Z,"Los demás",EC01,"Exportacion a consumo",57.60,383.00,"22,060.80","57,600.00",1.00,0.00,"Autorizacion retiro","Nuevo sin uso",2022-02-18,"Franco transportista","NO DETERMINADO",Normal
,"(SA01) Tipo largo fino.",Tonelada,520.00,430.00,430.00,"223,600.00","223,600.00","Dolar Estadounidense",Brasil,Camión,"Conc. del uruguay",2022-02-18,22015EC01000311R,0001,0000,1006.30.21.190Z,"Los demás",EC01,"Exportacion a consumo",520.00,430.00,"223,600.00","520,000.00",1.00,0.00,"Autorizacion retiro","Nuevo sin uso",2022-02-18,"Franco a bordo","NO DETERMINADO",Normal
,"(SA01) Tipo largo fino.",Tonelada,312.00,430.00,430.00,"134,160.00","134,160.00","Dolar Estadounidense",Brasil,Camión,"Conc. del uruguay",2022-02-22,22015EC01000336B,0001,0000,1006.30.21.190Z,"Los demás",EC01,"Exportacion a consumo",312.00,430.00,"134,160.00","312,000.00",1.00,0.00,"Autorizacion retiro","Nuevo sin uso",2022-02-22,"Franco a bordo","NO DETERMINADO",Normal
,"(SA01) Tipo largo fino.",Tonelada,208.00,430.00,430.00,"89,440.00","89,440.00","Dolar Estadounidense",Brasil,Camión,"Conc. del uruguay",2022-02-22,22015EC01000336B,0002,0000,1006.30.21.190Z,"Los demás",EC01,"Exportacion a consumo",208.00,430.00,"89,440.00","208,000.00",1.00,0.00,"Autorizacion retiro","Nuevo sin uso",2022-02-22,"Franco a bordo","NO DETERMINADO",Normal
,"(SA04) Tipo mediano.",Tonelada,57.00,925.00,925.00,"52,725.00","52,725.00","Dolar Estadounidense","Estados Unidos",Camión,Concordia,2022-02-04,22016EC01000279X,0001,0000,1006.30.21.190Z,"Los demás",EC01,"Exportacion a consumo",57.00,925.00,"52,725.00","57,000.00",1.00,0.00,"Autorizacion retiro","Nuevo sin uso",2022-02-04,"Franco a bordo","NO DETERMINADO",Normal
,"(SA04) Tipo mediano.",Tonelada,19.00,850.00,850.00,"16,150.00","16,150.00","Dolar Estadounidense","Estados Unidos",Camión,Concordia,2022-02-04,22016EC01000280A,0001,0000,1006.30.21.190Z,"Los demás",EC01,"Exportacion a consumo",19.00,850.00,"16,150.00","19,000.00",1.00,0.00,"Autorizacion retiro","Nuevo sin uso",2022-02-04,"Franco a bordo","NO DETERMINADO",Normal
,"(SA01) Tipo largo fino.",Tonelada,40.00,952.25,952.25,"38,090.00","38,090.00","Dolar Estadounidense",Belgica,Camión,Concordia,2022-02-08,22016EC01000293E,0001,0000,1006.30.21.190Z,"Los demás",EC01,"Exportacion a consumo",40.00,952.25,"38,090.00","40,000.00",1.00,0.00,"Autorizacion retiro","Nuevo sin uso",2022-02-08,"Coste y flete","NO DETERMINADO",Normal
,"(SA01) Tipo largo fino.",Tonelada,24.20,912.75,912.75,"22,088.55","22,088.55","Dolar Estadounidense",Canada,Camión,Concordia,2022-02-08,22016EC01000300Z,0001,0000,1006.30.21.190Z,"Los demás",EC01,"Exportacion a consumo",24.20,912.75,"22,088.55","24,200.00",1.00,0.00,"Autorizacion retiro","Nuevo sin uso",2022-02-08,"Coste y flete","NO DETERMINADO",Normal
,"(SA04) Tipo mediano.",Tonelada,60.00,"1,062.00","1,062.00","63,720.00","63,720.00","Dolar Estadounidense",Belgica,Camión,Concordia,2022-02-09,22016EC01000310R,0001,0000,1006.30.21.190Z,"Los demás",EC01,"Exportacion a consumo",60.00,"1,062.00","63,720.00","60,000.00",1.00,0.00,"Autorizacion retiro","Nuevo sin uso",2022-02-09,"Coste y flete","NO DETERMINADO",Normal
,"(SA01) Tipo largo fino.",Tonelada,40.00,"1,062.00","1,062.00","42,480.00","42,480.00","Dolar Estadounidense",Belgica,Camión,Concordia,2022-02-10,22016EC01000322U,0001,0000,1006.30.21.190Z,"Los demás",EC01,"Exportacion a consumo",40.00,"1,062.00","42,480.00","40,000.00",1.00,0.00,"Autorizacion retiro","Nuevo sin uso",2022-02-10,"Coste y flete","NO DETERMINADO",Normal
,"(SA04) Tipo mediano.",Tonelada,57.00,925.00,925.00,"52,725.00","52,725.00","Dolar Estadounidense","Estados Unidos",Camión,Concordia,2022-02-14,22016EC01000351W,0001,0000,1006.30.21.190Z,"Los demás",EC01,"Exportacion a consumo",57.00,925.00,"52,725.00","57,000.00",1.00,0.00,"Autorizacion retiro","Nuevo sin uso",2022-02-14,"Franco a bordo","NO DETERMINADO",Normal
,"(SA01) Tipo largo fino.",Tonelada,60.00,"1,060.00","1,060.00","63,600.00","63,600.00","Dolar Estadounidense",Belgica,Camión,Concordia,2022-02-23,22016EC01000438F,0001,0000,1006.30.21.190Z,"Los demás",EC01,"Exportacion a consumo",60.00,"1,060.00","63,600.00","60,000.00",1.00,0.00,"Autorizacion retiro","Nuevo sin uso",2022-02-23,"Coste y flete","NO DETERMINADO",Normal
,"(SA01) Tipo largo fino.",Tonelada,40.00,"1,060.00","1,060.00","42,400.00","42,400.00","Dolar Estadounidense",Belgica,Camión,Concordia,2022-02-23,22016EC01000443B,0001,0000,1006.30.21.190Z,"Los demás",EC01,"Exportacion a consumo",40.00,"1,060.00","42,400.00","40,000.00",1.00,0.00,"Autorizacion retiro","Nuevo sin uso",2022-02-23,"Coste y flete","NO DETERMINADO",Normal
,"(SA04) Tipo mediano.",Tonelada,28.00,955.00,955.00,"26,740.00","26,740.00","Dolar Estadounidense",Chile,Camión,Goya,2022-02-18,22025EC01000013R,0001,0000,1006.30.21.190Z,"Los demás",EC01,"Exportacion a consumo",28.00,955.00,"26,740.00","28,000.00",1.00,0.00,"Autorizacion retiro","Nuevo sin uso",2022-02-18,"Transporte pagado hasta...","NO DETERMINADO",Normal
,"(SA01) Tipo largo fino.",Tonelada,112.00,390.00,390.00,"43,680.00","43,680.00","Dolar Estadounidense",Chile,Camión,Goya,2022-02-18,22025EC01000014S,0001,0000,1006.30.21.190Z,"Los demás",EC01,"Exportacion a consumo",112.00,390.00,"43,680.00","112,000.00",1.00,0.00,"Autorizacion retiro","Nuevo sin uso",2022-02-18,"Franco transportista","NO DETERMINADO",Normal
,"(SA01) Tipo largo fino.",Tonelada,560.00,390.00,390.00,"218,400.00","218,400.00","Dolar Estadounidense",Brasil,Camión,Iguazú,2022-02-22,22029EC01001196L,0001,0000,1006.30.21.190Z,"Los demás",EC01,"Exportacion a consumo",560.00,390.00,"218,400.00","560,000.00",1.00,0.00,"Autorizacion retiro","Nuevo sin uso",2022-02-22,"Franco transportista","NO DETERMINADO",Normal
,"(SA01) Tipo largo fino.",Tonelada,208.00,310.00,310.00,"64,480.00","64,480.00","Dolar Estadounidense",Brasil,Camión,"Paso de los libres",2022-02-01,22042EC01000472C,0001,0000,1006.30.21.190Z,"Los demás",EC01,"Exportacion a consumo",208.00,310.00,"64,480.00","208,000.00",1.00,0.00,"Autorizacion retiro","Nuevo sin uso",2022-02-01,"Franco transportista","NO DETERMINADO",Normal
,"(SA01) Tipo largo fino.",Tonelada,260.00,340.00,340.00,"88,400.00","88,400.00","Dolar Estadounidense",Brasil,Camión,"Paso de los libres",2022-02-03,22042EC01000524A,0001,0000,1006.30.21.190Z,"Los demás",EC01,"Exportacion a consumo",260.00,340.00,"88,400.00","260,000.00",1.00,0.00,"Autorizacion retiro","Nuevo sin uso",2022-02-03,"Franco transportista","NO DETERMINADO",Normal
,"(SA01) Tipo largo fino.",Tonelada,129.80,372.00,372.00,"48,285.60","48,285.60","Dolar Estadounidense",Brasil,Camión,"Paso de los libres",2022-02-10,22042EC01000627E,0001,0000,1006.30.21.190Z,"Los demás",EC01,"Exportacion a consumo",129.80,372.00,"48,285.60","129,800.00",1.00,0.00,"Autorizacion retiro","Nuevo sin uso",2022-02-10,"Franco transportista","NO DETERMINADO",Normal
,"(SA02) Tipo largo ancho.",Tonelada,52.00,630.00,630.00,"32,760.00","32,760.00","Dolar Estadounidense",Brasil,Camión,"Paso de los libres",2022-02-11,22042EC01000643C,0001,0000,1006.30.21.190Z,"Los demás",EC01,"Exportacion a consumo",52.00,630.00,"32,760.00","52,000.00",1.00,0.00,"Autorizacion retiro","Nuevo sin uso",2022-02-11,"Franco transportista","NO DETERMINADO",Normal
,"(SA02) Tipo largo ancho.",Tonelada,28.00,620.00,620.00,"17,360.00","17,360.00","Dolar Estadounidense",Brasil,Camión,"Paso de los libres",2022-02-17,22042EC01000756H,0001,0000,1006.30.21.190Z,"Los demás",EC01,"Exportacion a consumo",28.00,620.00,"17,360.00","28,000.00",1.00,0.00,"Autorizacion retiro","Nuevo sin uso",2022-02-17,"Franco transportista","NO DETERMINADO",Normal
,"(SA01) Tipo largo fino.",Tonelada,"1,000.00",405.00,405.00,"405,000.00","405,000.00","Dolar Estadounidense",Brasil,Camión,"Paso de los libres",2022-02-18,22042EC01000781F,0001,0000,1006.30.21.190Z,"Los demás",EC01,"Exportacion a consumo","1,000.00",405.00,"405,000.00","1,000,000.00",1.00,0.00,"Autorizacion retiro","Nuevo sin uso",2022-02-18,"Franco transportista","NO DETERMINADO",Normal
,"(SA01) Tipo largo fino.",Tonelada,"1,040.00",420.00,420.00,"436,800.00","436,800.00","Dolar Estadounidense",Brasil,Camión,"Paso de los libres",2022-02-22,22042EC01000835F,0001,0000,1006.30.21.190Z,"Los demás",EC01,"Exportacion a consumo","1,040.00",420.00,"436,800.00","1,040,000.00",1.00,0.00,"Autorizacion retiro","Nuevo sin uso",2022-02-22,"Franco transportista","NO DETERMINADO",Normal
,"(SA01) Tipo largo fino.",Tonelada,130.00,417.00,417.00,"54,210.00","54,210.00","Dolar Estadounidense",Brasil,Camión,"Paso de los libres",2022-02-22,22042EC01000847X,0001,0000,1006.30.21.190Z,"Los demás",EC01,"Exportacion a consumo",130.00,417.00,"54,210.00","130,000.00",1.00,0.00,Oficializada,"Nuevo sin uso",2022-02-22,"Franco transportista","NO DETERMINADO",Normal
,"(SA01) Tipo largo fino.",Tonelada,8.40,370.00,370.00,"3,108.00","3,108.00","Dolar Estadounidense",Brasil,Camión,"Paso de los libres",2022-02-25,22042EC01000925F,0001,0002,1006.30.21.190Z,"Los demás",EC01,"Exportacion a consumo",25.20,770.00,"19,404.00","25,200.00",1.00,0.00,Oficializada,"Nuevo sin uso",2022-02-25,"Franco transportista","NO DETERMINADO",Normal
,"(SA04) Tipo mediano.",Tonelada,16.80,970.00,970.00,"16,296.00","16,296.00","Dolar Estadounidense",Brasil,Camión,"Paso de los libres",2022-02-25,22042EC01000925F,0001,0001,1006.30.21.190Z,"Los demás",EC01,"Exportacion a consumo",25.20,770.00,"19,404.00","25,200.00",1.00,0.00,Oficializada,"Nuevo sin uso",2022-02-25,"Franco transportista","NO DETERMINADO",Normal
,"(SA01) Tipo largo fino.",Kilogramo,"131,280.00",0.63,0.63,"82,706.40","82,706.40","Dolar Estadounidense",Chile,Camión,Jujuy,2022-02-26,22031EC01000114Z,0001,0000,1006.30.21.210D,"En envases inmediatos de contenido neto       inferior o igual a 2 kg (R.420/99 MEYOSP)          (Res. 835/05 SAGPyA)",EC01,"Exportacion a consumo","131,280.00",0.63,"82,706.40","131,280.00",1.00,0.00,Presentada,"Nuevo sin uso",2022-02-26,"Franco transportista","NO DETERMINADO",Normal
,"(SA01) Tipo largo fino.",Tonelada,26.40,400.00,400.00,"10,560.00","10,560.00","Dolar Estadounidense",Chile,Camión,Jujuy,2022-02-17,22031EC01000148A,0001,0000,1006.30.21.210D,"En envases inmediatos de contenido neto       inferior o igual a 2 kg (R.420/99 MEYOSP)          (Res. 835/05 SAGPyA)",EC01,"Exportacion a consumo",26.40,400.00,"10,560.00","26,400.00",1.00,0.00,"Autorizacion retiro","Nuevo sin uso",2022-02-17,"Franco transportista","NO DETERMINADO",Normal
,"(SA01) Tipo largo fino.",Unidad,"69,300.00",0.40,0.40,"27,858.60","27,858.60","Dolar Estadounidense",Chile,Camión,Mendoza,2022-02-02,22038EC01002444X,0002,0000,1006.30.21.210D,"En envases inmediatos de contenido neto       inferior o igual a 2 kg (R.420/99 MEYOSP)          (Res. 835/05 SAGPyA)",EC01,"Exportacion a consumo","69,300.00",0.40,"27,858.60","69,300.00",1.00,0.00,"Autorizacion retiro","Nuevo sin uso",2022-02-02,"Franco transportista","NO DETERMINADO",Normal
,"(SA01) Tipo largo fino.",Kilogramo,"28,000.00",0.36,0.36,"10,050.00","10,050.00","Dolar Estadounidense",Chile,Camión,Mendoza,2022-02-21,22038EC01004369Z,0001,0000,1006.30.21.210D,"En envases inmediatos de contenido neto       inferior o igual a 2 kg (R.420/99 MEYOSP)          (Res. 835/05 SAGPyA)",EC01,"Exportacion a consumo","28,000.00",0.36,"10,050.00","28,000.00",1.00,0.00,"Autorizacion retiro","Nuevo sin uso",2022-02-21,"Franco transportista","NO DETERMINADO",Normal
,"(SA01) Tipo largo fino.",Tonelada,25.00,790.00,790.00,"19,750.00","19,750.00","Dolar Estadounidense",Bolivia,Camión,Concordia,2022-02-17,22016EC01000397J,0001,0000,1006.30.21.220G,"En envases de contenido neto superior a 2       kg e inferior o igual a 60 kg (R.102/01 ME)",EC01,"Exportacion a consumo",25.00,790.00,"19,750.00","25,000.00",1.00,0.00,"Autorizacion retiro","Nuevo sin uso",2022-02-17,"Franco transportista","NO DETERMINADO",Normal
,"(SA01) Tipo largo fino.",Tonelada,25.00,790.00,790.00,"19,750.00","19,750.00","Dolar Estadounidense",Bolivia,Camión,Concordia,2022-02-17,22016EC01000398K,0001,0000,1006.30.21.220G,"En envases de contenido neto superior a 2       kg e inferior o igual a 60 kg (R.102/01 ME)",EC01,"Exportacion a consumo",25.00,790.00,"19,750.00","25,000.00",1.00,0.00,"Autorizacion retiro","Nuevo sin uso",2022-02-17,"Franco transportista","NO DETERMINADO",Normal
,"(SA01) Tipo largo fino.",Tonelada,25.00,790.00,790.00,"19,750.00","19,750.00","Dolar Estadounidense",Bolivia,Camión,Concordia,2022-02-17,22016EC01000399L,0001,0000,1006.30.21.220G,"En envases de contenido neto superior a 2       kg e inferior o igual a 60 kg (R.102/01 ME)",EC01,"Exportacion a consumo",25.00,790.00,"19,750.00","25,000.00",1.00,0.00,"Autorizacion retiro","Nuevo sin uso",2022-02-17,"Franco transportista","NO DETERMINADO",Normal
,"(SA01) Tipo largo fino.",Tonelada,25.00,790.00,790.00,"19,750.00","19,750.00","Dolar Estadounidense",Bolivia,Camión,Concordia,2022-02-17,22016EC01000400R,0001,0000,1006.30.21.220G,"En envases de contenido neto superior a 2       kg e inferior o igual a 60 kg (R.102/01 ME)",EC01,"Exportacion a consumo",25.00,790.00,"19,750.00","25,000.00",1.00,0.00,"Autorizacion retiro","Nuevo sin uso",2022-02-17,"Franco transportista","NO DETERMINADO",Normal
,"(SA01) Tipo largo fino.",Tonelada,25.00,790.00,790.00,"19,750.00","19,750.00","Dolar Estadounidense",Bolivia,Camión,Concordia,2022-02-25,22016EC01000464E,0001,0000,1006.30.21.220G,"En envases de contenido neto superior a 2       kg e inferior o igual a 60 kg (R.102/01 ME)",EC01,"Exportacion a consumo",25.00,790.00,"19,750.00","25,000.00",1.00,0.00,Oficializada,"Nuevo sin uso",2022-02-25,"Franco transportista","NO DETERMINADO",Normal
,"(SA01) Tipo largo fino.",Tonelada,25.00,790.00,790.00,"19,750.00","19,750.00","Dolar Estadounidense",Bolivia,Camión,Concordia,2022-02-25,22016EC01000465F,0001,0000,1006.30.21.220G,"En envases de contenido neto superior a 2       kg e inferior o igual a 60 kg (R.102/01 ME)",EC01,"Exportacion a consumo",25.00,790.00,"19,750.00","25,000.00",1.00,0.00,Oficializada,"Nuevo sin uso",2022-02-25,"Franco transportista","NO DETERMINADO",Normal
,"(SA01) Tipo largo fino.",Tonelada,25.00,790.00,790.00,"19,750.00","19,750.00","Dolar Estadounidense",Bolivia,Camión,Concordia,2022-02-25,22016EC01000466G,0001,0000,1006.30.21.220G,"En envases de contenido neto superior a 2       kg e inferior o igual a 60 kg (R.102/01 ME)",EC01,"Exportacion a consumo",25.00,790.00,"19,750.00","25,000.00",1.00,0.00,Oficializada,"Nuevo sin uso",2022-02-25,"Franco transportista","NO DETERMINADO",Normal
,"(SA01) Tipo largo fino.",Tonelada,87.00,415.00,415.00,"36,105.00","36,105.00","Dolar Estadounidense",Bolivia,Camión,Pocitos,2022-02-03,22045EC01000141V,0001,0000,1006.30.21.220G,"En envases de contenido neto superior a 2       kg e inferior o igual a 60 kg (R.102/01 ME)",EC01,"Exportacion a consumo",87.00,415.00,"36,105.00","87,000.00",1.00,0.00,"Autorizacion retiro","Nuevo sin uso",2022-02-03,"Franco transportista","NO DETERMINADO",Normal
,"(SA01) Tipo largo fino.",Tonelada,170.74,410.00,410.00,"70,003.40","70,003.40","Dolar Estadounidense",Chile,Camión,Mendoza,2022-02-23,21038EC01034195P,0001,0000,1006.30.21.290E,"Los demás",EC01,"Exportacion a consumo",170.74,410.00,"70,003.40","170,740.00",1.00,0.00,Cancelada,"Nuevo sin uso",2022-02-23,"Franco transportista","NO DETERMINADO",Normal
,(SA00),Tonelada,24.00,876.00,876.00,"21,024.00","21,024.00","Dolar Estadounidense",Canada,Acuatica,Campana,2022-02-04,22008EC01001554G,0001,0000,1006.30.21.290E,"Los demás",EC01,"Exportacion a consumo",24.00,876.00,"21,024.00","24,000.00",1.00,0.00,"Autorizacion retiro","Nuevo sin uso",2022-02-04,"Franco a bordo","NO DETERMINADO",Normal
,(SA00),Tonelada,19.70,"1,080.00","1,080.00","21,276.00","21,276.00","Dolar Estadounidense","Estados Unidos",Acuatica,Campana,2022-02-04,22008EC01001555H,0001,0000,1006.30.21.290E,"Los demás",EC01,"Exportacion a consumo",19.70,"1,080.00","21,276.00","19,700.00",1.00,0.00,"Autorizacion retiro","Nuevo sin uso",2022-02-04,"Franco a bordo","NO DETERMINADO",Normal
,(SA00),Tonelada,24.00,"1,037.50","1,037.50","24,900.00","24,900.00","Dolar Estadounidense",Dinamarca,Acuatica,Campana,2022-02-21,22008EC01002326E,0001,0000,1006.30.21.290E,"Los demás",EC01,"Exportacion a consumo",24.00,"1,037.50","24,900.00","24,000.00",1.00,0.00,"Autorizacion retiro","Nuevo sin uso",2022-02-21,"Franco a bordo","NO DETERMINADO",Normal
,"(SA01) Tipo largo fino.",Tonelada,144.00,380.00,380.00,"54,720.00","54,720.00","Dolar Estadounidense",Chile,Camión,"Conc. del uruguay",2022-02-03,22015EC01000214T,0001,0000,1006.30.21.290E,"Los demás",EC01,"Exportacion a consumo",144.00,380.00,"54,720.00","144,000.00",1.00,0.00,"Autorizacion retiro","Nuevo sin uso",2022-02-03,"Franco transportista","NO DETERMINADO",Normal
,"(SA01) Tipo largo fino.",Tonelada,144.00,360.00,360.00,"51,840.00","51,840.00","Dolar Estadounidense",Chile,Camión,"Conc. del uruguay",2022-02-10,22015EC01000255B,0001,0000,1006.30.21.290E,"Los demás",EC01,"Exportacion a consumo",144.00,360.00,"51,840.00","144,000.00",1.00,0.00,"Autorizacion retiro","Nuevo sin uso",2022-02-10,"Franco transportista","NO DETERMINADO",Normal
,"(SA01) Tipo largo fino.",Tonelada,115.20,428.00,428.00,"49,305.60","49,305.60","Dolar Estadounidense",Chile,Camión,"Conc. del uruguay",2022-02-18,22015EC01000300P,0001,0000,1006.30.21.290E,"Los demás",EC01,"Exportacion a consumo",115.20,428.00,"49,305.60","115,200.00",1.00,0.00,"Autorizacion retiro","Nuevo sin uso",2022-02-18,"Franco transportista","NO DETERMINADO",Normal
,"(SA01) Tipo largo fino.",Tonelada,144.00,428.00,428.00,"61,632.00","61,632.00","Dolar Estadounidense",Chile,Camión,"Conc. del uruguay",2022-02-22,22015EC01000331T,0001,0000,1006.30.21.290E,"Los demás",EC01,"Exportacion a consumo",144.00,428.00,"61,632.00","144,000.00",1.00,0.00,"Autorizacion retiro","Nuevo sin uso",2022-02-22,"Franco transportista","NO DETERMINADO",Normal
,"(SA01) Tipo largo fino.",Tonelada,38.00,945.00,945.00,"35,910.00","35,910.00","Dolar Estadounidense","Estados Unidos",Camión,Concordia,2022-02-03,22016EC01000259G,0001,0000,1006.30.21.290E,"Los demás",EC01,"Exportacion a consumo",38.00,945.00,"35,910.00","38,000.00",1.00,0.00,"Autorizacion retiro","Nuevo sin uso",2022-02-03,"Franco a bordo","NO DETERMINADO",Normal
,"(SA01) Tipo largo fino.",Tonelada,288.00,422.26,422.26,"121,610.88","121,610.88","Dolar Estadounidense",Chile,Camión,Concordia,2022-02-04,22016EC01000272B,0001,0000,1006.30.21.290E,"Los demás",EC01,"Exportacion a consumo",288.00,422.26,"121,610.88","288,000.00",1.00,0.00,"Autorizacion retiro","Nuevo sin uso",2022-02-04,"Franco transportista","NO DETERMINADO",Normal
,"(SA04) Tipo mediano.",Tonelada,66.00,"1,025.00","1,025.00","67,650.00","67,650.00","Dolar Estadounidense","Estados Unidos",Camión,Concordia,2022-02-08,22016EC01000294F,0001,0000,1006.30.21.290E,"Los demás",EC01,"Exportacion a consumo",66.00,"1,025.00","67,650.00","66,000.00",1.00,0.00,"Autorizacion retiro","Nuevo sin uso",2022-02-08,"Franco a bordo","NO DETERMINADO",Normal
,"(SA01) Tipo largo fino.",Tonelada,57.00,945.00,945.00,"53,865.00","53,865.00","Dolar Estadounidense","Estados Unidos",Camión,Concordia,2022-02-16,22016EC01000383E,0001,0000,1006.30.21.290E,"Los demás",EC01,"Exportacion a consumo",57.00,945.00,"53,865.00","57,000.00",1.00,0.00,"Autorizacion retiro","Nuevo sin uso",2022-02-16,"Franco a bordo","NO DETERMINADO",Normal
,"(SA01) Tipo largo fino.",Tonelada,518.40,375.00,375.00,"194,400.00","194,400.00","Dolar Estadounidense",Chile,Camión,Concordia,2022-02-24,22016EC01000452B,0001,0000,1006.30.21.290E,"Los demás",EC01,"Exportacion a consumo",518.40,375.00,"194,400.00","518,400.00",1.00,0.00,Anulada,"Nuevo sin uso",2022-02-24,"Franco transportista","NO DETERMINADO",Normal
,"(SA01) Tipo largo fino.",Tonelada,518.40,375.00,375.00,"194,400.00","194,400.00","Dolar Estadounidense",Chile,Camión,Concordia,2022-02-24,22016EC01000453C,0001,0000,1006.30.21.290E,"Los demás",EC01,"Exportacion a consumo",518.40,375.00,"194,400.00","518,400.00",1.00,0.00,"Autorizacion retiro","Nuevo sin uso",2022-02-24,"Franco transportista","NO DETERMINADO",Normal
,"(SA04) Tipo mediano.",Tonelada,66.00,"1,025.00","1,025.00","67,650.00","67,650.00","Dolar Estadounidense","Estados Unidos",Camión,Concordia,2022-02-24,22016EC01000459X,0001,0000,1006.30.21.290E,"Los demás",EC01,"Exportacion a consumo",66.00,"1,025.00","67,650.00","66,000.00",1.00,0.00,"Autorizacion retiro","Nuevo sin uso",2022-02-24,"Franco a bordo","NO DETERMINADO",Normal
,"(SA01) Tipo largo fino.",Tonelada,140.00,380.00,380.00,"53,200.00","53,200.00","Dolar Estadounidense",Chile,Camión,Goya,2022-02-10,22025EC01000009W,0001,0000,1006.30.21.290E,"Los demás",EC01,"Exportacion a consumo",140.00,380.00,"53,200.00","140,000.00",1.00,0.00,"Autorizacion retiro","Nuevo sin uso",2022-02-10,"Franco transportista","NO DETERMINADO",Normal
,"(SA01) Tipo largo fino.",Tonelada,27.60,400.00,400.00,"11,040.00","11,040.00","Dolar Estadounidense",Chile,Camión,Jujuy,2022-02-11,22031EC01000126T,0001,0000,1006.30.21.290E,"Los demás",EC01,"Exportacion a consumo",27.60,400.00,"11,040.00","27,600.00",1.00,0.00,"Autorizacion retiro","Nuevo sin uso",2022-02-11,"Franco transportista","NO DETERMINADO",Normal
,"(SA01) Tipo largo fino.",Tonelada,392.00,530.00,530.00,"207,760.00","207,760.00","Dolar Estadounidense",Chile,Camión,Mendoza,2022-02-15,22038EC01001581J,0001,0000,1006.30.21.290E,"Los demás",EC01,"Exportacion a consumo",392.00,530.00,"207,760.00","392,000.00",1.00,0.00,Presentada,"Nuevo sin uso",2022-02-15,"Franco transportista","NO DETERMINADO",Normal
,"(SA01) Tipo largo fino.",Tonelada,171.00,410.00,410.00,"70,110.00","70,110.00","Dolar Estadounidense",Chile,Camión,Mendoza,2022-02-09,22038EC01003024D,0001,0000,1006.30.21.290E,"Los demás",EC01,"Exportacion a consumo",171.00,410.00,"70,110.00","171,000.00",1.00,0.00,"Autorizacion retiro","Nuevo sin uso",2022-02-09,"Franco transportista","NO DETERMINADO",Normal
,"(SA01) Tipo largo fino.",Tonelada,280.00,412.00,412.00,"115,360.00","115,360.00","Dolar Estadounidense",Chile,Camión,Mendoza,2022-02-10,22038EC01003196N,0001,0000,1006.30.21.290E,"Los demás",EC01,"Exportacion a consumo",280.00,412.00,"115,360.00","280,000.00",1.00,0.00,"Autorizacion retiro","Nuevo sin uso",2022-02-10,"Franco transportista","NO DETERMINADO",Normal
,"(SA01) Tipo largo fino.",Tonelada,276.00,374.46,374.46,"103,350.00","103,350.00","Dolar Estadounidense",Chile,Camión,Mendoza,2022-02-16,22038EC01003969V,0001,0000,1006.30.21.290E,"Los demás",EC01,"Exportacion a consumo",276.00,374.46,"103,350.00","276,000.00",1.00,0.00,"Autorizacion retiro","Nuevo sin uso",2022-02-16,"Transporte pagado hasta...","NO DETERMINADO",Normal
,"(SA01) Tipo largo fino.",Tonelada,140.00,362.50,362.50,"50,750.00","50,750.00","Dolar Estadounidense",Chile,Camión,Mendoza,2022-02-22,22038EC01004560J,0001,0000,1006.30.21.290E,"Los demás",EC01,"Exportacion a consumo",140.00,362.50,"50,750.00","140,000.00",1.00,0.00,Anulada,"Nuevo sin uso",2022-02-22,"Franco transportista","NO DETERMINADO",Normal
,"(SA01) Tipo largo fino.",Tonelada,276.00,374.46,374.46,"103,350.00","103,350.00","Dolar Estadounidense",Chile,Camión,Mendoza,2022-02-23,22038EC01004697U,0001,0000,1006.30.21.290E,"Los demás",EC01,"Exportacion a consumo",276.00,374.46,"103,350.00","276,000.00",1.00,0.00,Oficializada,"Nuevo sin uso",2022-02-23,"Transporte pagado hasta...","NO DETERMINADO",Normal
,"(SA01) Tipo largo fino.",Tonelada,140.00,362.50,362.50,"50,750.00","50,750.00","Dolar Estadounidense",Chile,Camión,Mendoza,2022-02-23,22038EC01004711H,0001,0000,1006.30.21.290E,"Los demás",EC01,"Exportacion a consumo",140.00,362.50,"50,750.00","140,000.00",1.00,0.00,Oficializada,"Nuevo sin uso",2022-02-23,"Franco transportista","NO DETERMINADO",Normal
,"(SA01) Tipo largo fino.",Tonelada,171.00,410.00,410.00,"70,110.00","70,110.00","Dolar Estadounidense",Chile,Camión,Mendoza,2022-02-23,22038EC01004743M,0001,0000,1006.30.21.290E,"Los demás",EC01,"Exportacion a consumo",171.00,410.00,"70,110.00","171,000.00",1.00,0.00,"Autorizacion retiro","Nuevo sin uso",2022-02-23,"Franco transportista","NO DETERMINADO",Normal
,"(SA01) Tipo largo fino.",Tonelada,140.00,443.00,443.00,"62,020.00","62,020.00","Dolar Estadounidense",Chile,Camión,Mendoza,2022-02-24,22038EC01004980P,0001,0000,1006.30.21.290E,"Los demás",EC01,"Exportacion a consumo",140.00,443.00,"62,020.00","140,000.00",1.00,0.00,"Autorizacion retiro","Nuevo sin uso",2022-02-24,"Franco transportista","NO DETERMINADO",Normal
,"(SA01) Tipo largo fino.",Tonelada,84.00,410.00,410.00,"34,440.00","34,440.00","Dolar Estadounidense",Chile,Camión,Mendoza,2022-02-25,22038EC01005155K,0001,0000,1006.30.21.290E,"Los demás",EC01,"Exportacion a consumo",84.00,410.00,"34,440.00","84,000.00",1.00,0.00,"Autorizacion retiro","Nuevo sin uso",2022-02-25,"Transporte pagado hasta...","NO DETERMINADO",Normal
,"(SA01) Tipo largo fino.",Tonelada,137.98,447.46,447.46,"61,741.05","61,741.05","Dolar Estadounidense",Chile,Camión,Mendoza,2022-02-17,22038INTE011894T,0001,0000,1006.30.21.290E,"Los demás",INTE,,137.98,447.46,"61,741.05","137,980.00",1.00,0.00,Anulada,"Nuevo sin uso",2022-02-17,"Transporte pagado hasta...","NO DETERMINADO",Normal
,"(SA01) Tipo largo fino.",Tonelada,170.74,410.00,410.00,"70,003.40","70,003.40","Dolar Estadounidense",Chile,Camión,Mendoza,2022-02-18,22038INTE012206H,0001,0000,1006.30.21.290E,"Los demás",INTE,,170.74,410.00,"70,003.40","170,740.00",1.00,0.00,Anulada,"Nuevo sin uso",2022-02-18,"Franco transportista","NO DETERMINADO",Normal
,"(SA01) Tipo largo fino.",Tonelada,170.74,410.00,410.00,"70,003.40","70,003.40","Dolar Estadounidense",Chile,Camión,Mendoza,2022-02-23,22038INTE013700H,0001,0000,1006.30.21.290E,"Los demás",INTE,,170.74,410.00,"70,003.40","170,740.00",1.00,0.00,Anulada,"Nuevo sin uso",2022-02-23,"Franco transportista","NO DETERMINADO",Normal
,"(SA01) Tipo largo fino.",Tonelada,112.00,360.00,360.00,"40,320.00","40,320.00","Dolar Estadounidense",Chile,Camión,Paraná,2022-02-18,22041EC01000314T,0001,0000,1006.30.21.290E,"Los demás",EC01,"Exportacion a consumo",112.00,360.00,"40,320.00","112,000.00",1.00,0.00,"Autorizacion retiro","Nuevo sin uso",2022-02-18,"Franco transportista","NO DETERMINADO",Normal
,"(SA01) Tipo largo fino.",Tonelada,112.00,360.00,360.00,"40,320.00","40,320.00","Dolar Estadounidense",Chile,Camión,Paraná,2022-02-25,22041EC01000360U,0001,0000,1006.30.21.290E,"Los demás",EC01,"Exportacion a consumo",112.00,360.00,"40,320.00","112,000.00",1.00,0.00,"Autorizacion retiro","Nuevo sin uso",2022-02-25,"Franco transportista","NO DETERMINADO",Normal
,"(SA01) Tipo largo fino.",Tonelada,82.80,435.00,435.00,"36,018.00","36,018.00","Dolar Estadounidense",Chile,Camión,"Santa fe",2022-02-01,22062EC01000621A,0001,0000,1006.30.21.290E,"Los demás",EC01,"Exportacion a consumo",82.80,435.00,"36,018.00","82,800.00",1.00,0.00,"Autorizacion retiro","Nuevo sin uso",2022-02-01,"Franco transportista","NO DETERMINADO",Normal
,"(SA01) Tipo largo fino.",Tonelada,138.00,410.00,410.00,"56,580.00","56,580.00","Dolar Estadounidense",Chile,Camión,"Santa fe",2022-02-01,22062EC01000642D,0001,0000,1006.30.21.290E,"Los demás",EC01,"Exportacion a consumo",138.00,410.00,"56,580.00","138,000.00",1.00,0.00,"Autorizacion retiro","Nuevo sin uso",2022-02-01,"Franco transportista","NO DETERMINADO",Normal
,"(SA01) Tipo largo fino.",Tonelada,138.00,410.00,410.00,"56,580.00","56,580.00","Dolar Estadounidense",Chile,Camión,"Santa fe",2022-02-16,22062EC01001006V,0001,0000,1006.30.21.290E,"Los demás",EC01,"Exportacion a consumo",138.00,410.00,"56,580.00","138,000.00",1.00,0.00,"Autorizacion retiro","Nuevo sin uso",2022-02-16,"Franco transportista","NO DETERMINADO",Normal
,,Tonelada,50.00,776.00,776.00,"38,800.00","38,800.00","Dolar Estadounidense","Paises Bajos",Camión,Concordia,2022-02-01,22016EC01000236B,0001,,1006.40.00.290R,"Los demás",EC01,"Exportacion a consumo",50.00,776.00,"38,800.00","50,000.00",1.00,0.00,"Autorizacion retiro","Nuevo sin uso",2022-02-01,"Coste y flete","NO DETERMINADO",Normal
,,Tonelada,25.00,716.00,716.00,"17,900.00","17,900.00","Dolar Estadounidense","Paises Bajos",Camión,Concordia,2022-02-01,22016EC01000236B,0002,,1006.40.00.290R,"Los demás",EC01,"Exportacion a consumo",25.00,716.00,"17,900.00","25,000.00",1.00,0.00,"Autorizacion retiro","Nuevo sin uso",2022-02-01,"Coste y flete","NO DETERMINADO",Normal
,,Tonelada,112.00,356.00,356.00,"39,872.00","39,872.00","Dolar Estadounidense",Chile,Camión,Mendoza,2022-02-01,22038EC01002304D,0001,,1006.40.00.290R,"Los demás",EC01,"Exportacion a consumo",112.00,356.00,"39,872.00","112,000.00",1.00,0.00,"Autorizacion retiro","Nuevo sin uso",2022-02-01,"Franco transportista","NO DETERMINADO",Normal
,,Tonelada,252.00,360.00,360.00,"90,720.00","90,720.00","Dolar Estadounidense",Chile,Camión,Mendoza,2022-02-12,22038EC01003447M,0001,,1006.40.00.290R,"Los demás",EC01,"Exportacion a consumo",252.00,360.00,"90,720.00","252,000.00",1.00,0.00,"Autorizacion retiro","Nuevo sin uso",2022-02-12,"Franco transportista","NO DETERMINADO",Normal
,,Tonelada,115.20,325.00,325.00,"37,440.00","37,440.00","Dolar Estadounidense",Chile,Camión,"Paso de los libres",2022-02-08,22042EC01000600S,0001,,1006.40.00.290R,"Los demás",EC01,"Exportacion a consumo",115.20,325.00,"37,440.00","115,200.00",1.00,0.00,Cancelada,"Nuevo sin uso",2022-02-08,"Franco transportista","NO DETERMINADO",Normal
,,Tonelada,115.20,325.00,325.00,"37,440.00","37,440.00","Dolar Estadounidense",Chile,Camión,"Paso de los libres",2022-02-15,22042EC01000716D,0001,,1006.40.00.290R,"Los demás",EC01,"Exportacion a consumo",115.20,325.00,"37,440.00","115,200.00",1.00,0.00,Cancelada,"Nuevo sin uso",2022-02-15,"Franco transportista","NO DETERMINADO",Normal
,,Tonelada,115.20,325.00,325.00,"37,440.00","37,440.00","Dolar Estadounidense",Chile,Camión,"Paso de los libres",2022-02-23,22042EC01000857J,0001,,1006.40.00.290R,"Los demás",EC01,"Exportacion a consumo",115.20,325.00,"37,440.00","115,200.00",1.00,0.00,"Autorizacion retiro","Nuevo sin uso",2022-02-23,"Franco transportista","NO DETERMINADO",Normal
